{"tissue_hires_scalef": 0.17703815, "tissue_lowres_scalef": 0.053111445, "fiducial_diameter_fullres": 138.64183054687055, "spot_diameter_fullres": 85.82589510044367}